{"loss": [2.076869249343872, 1.4875028133392334, 1.3525595664978027, 1.322996973991394], "accuracy": [0.171875, 0.4635416666666667, 0.5270833333333333, 0.4822916666666667]}